entity_id,name,email,group_id,created_id,website_id
17,1 1 1 11 1,1@gmail.com,1,20/11/2019 7:40,1
18,2 2 2 2 2,2@gmail.com,1,20/11/2019 7:57,1
19,334 334 334 334 334,334@gmail.com,1,20/11/2019 8:02,1
20,23132 12312 12312 12312 12312,12312@gmail.com,1,20/11/2019 8:08,1
21,098 098 098 098 098,098@gmail.com,1,20/11/2019 8:13,1
22,dimas dimas dimas dimas dimas,dimas@gmail.com,1,21/11/2019 2:19,1
23,VBVBN VBVBN VBVBN VBVBN VBVBN,VBVBN@GMAIL.COM,1,21/11/2019 8:43,1
23,12 12 12 12 12,12@gmail.com,1,21/11/2019 9:01,1
24,123 123,123@gmail.com,1,25/11/2019 0:17,1
